{"cameraMode":{"drawMode":0,"name":"Shaded","section":"Shading Mode"},"sceneLighting":true,"audioPlay":false,"sceneViewState":{"showFog":false,"showMaterialUpdate":false,"showSkybox":false,"showFlares":false,"showImageEffects":false,"showParticleSystems":false},"in2DMode":false,"pivot":{"x":273.887451171875,"y":14.334808349609375,"z":363.6615295410156},"rotation":{"x":0.19110825657844544,"y":0.12184683978557587,"z":-0.023944120854139329,"w":0.9737088084220886},"size":33.08332824707031,"orthographic":false}