{"cameraMode":{"drawMode":0,"name":"Shaded","section":"Shading Mode"},"sceneLighting":false,"audioPlay":false,"sceneViewState":{"showFog":false,"showMaterialUpdate":false,"showSkybox":false,"showFlares":false,"showImageEffects":false,"showParticleSystems":false},"in2DMode":false,"pivot":{"x":-0.45709967613220217,"y":0.43326783180236819,"z":0.15037870407104493},"rotation":{"x":-0.04981127381324768,"y":0.9283472299575806,"z":-0.13490715622901917,"w":-0.3427698314189911},"size":4.041658401489258,"orthographic":false}