{"cameraMode":{"drawMode":0,"name":"Shaded","section":"Shading Mode"},"sceneLighting":true,"audioPlay":false,"sceneViewState":{"showFog":false,"showMaterialUpdate":false,"showSkybox":false,"showFlares":false,"showImageEffects":false,"showParticleSystems":false},"in2DMode":false,"pivot":{"x":281.5948486328125,"y":16.28834342956543,"z":353.06744384765627},"rotation":{"x":-0.20604459941387177,"y":-0.3471691906452179,"z":0.07848571985960007,"w":-0.9115316271781921},"size":16.905675888061525,"orthographic":false}